Student_ID,Student_Name,Gender,City,Study_Hours,Attendance_Percent,Previous_Score,Sleep_Hours,Exam_Score,Pass_Fail
STU0001,Rohan Rao,Female,Chennai,7.2,89,87,8.8,62,Pass
STU0002,Arjun Agarwal,Female,Delhi,2.1,85,38,6.2,38,Fail
STU0003,Keerthana Nair,Male,Mumbai,6.2,68,45,8.7,48,Pass
STU0004,Aarav Verma,Female,Vijayawada,7.4,91,43,4.9,59,Pass
STU0005,Prudhvi Reddy,Female,Jaipur,1.0,73,89,4.1,54,Pass
STU0006,Sai Mehta,Female,Bengaluru,5.7,54,86,7.6,56,Pass
STU0007,Aarav Reddy,Male,Jaipur,1.4,75,84,4.1,52,Pass
STU0008,Prudhvi Sharma,Male,Chennai,9.6,78,52,7.3,69,Pass
STU0009,Pooja Nair,Female,Chennai,6.7,64,35,7.3,39,Fail
STU0010,Keerthana Rao,Female,Bengaluru,8.7,86,39,6.3,63,Pass
STU0011,Nandini Rana,Male,Visakhapatnam,8.2,50,40,7.2,55,Pass
STU0012,Kavya Kumar,Male,Jaipur,2.9,84,47,5.3,37,Fail
STU0013,Sneha Agarwal,Male,Pune,7.2,67,74,8.0,57,Pass
STU0014,Karthik Sharma,Female,Visakhapatnam,6.5,54,60,6.1,60,Pass
STU0015,Vikram Gupta,Female,Delhi,5.8,52,67,7.3,44,Pass
STU0016,Keerthana Rana,Female,Visakhapatnam,5.0,53,55,4.9,42,Pass
STU0017,Kavya Rao,Female,Chennai,5.8,97,70,8.4,66,Pass
STU0018,Aarav Nair,Female,Chennai,8.9,68,59,8.5,59,Pass
STU0019,Ananya Agarwal,Female,Kolkata,9.9,62,88,5.7,69,Pass
STU0020,Keerthana Joshi,Male,Pune,3.6,64,93,6.0,51,Pass
STU0021,Aarav Kumar,Male,Pune,6.7,67,39,8.6,56,Pass
STU0022,Diya Reddy,Male,Vijayawada,2.4,58,54,9.0,41,Pass
STU0023,Sai Kumar,Female,Chennai,3.1,93,45,6.1,44,Pass
STU0024,Nandini Kumar,Male,Bengaluru,2.2,100,57,4.5,52,Pass
STU0025,Aditya Mehta,Female,Visakhapatnam,6.1,66,88,4.9,54,Pass
STU0026,Ananya Das,Female,Delhi,5.0,54,80,4.8,49,Pass
STU0027,Priya Das,Female,Chennai,9.2,55,35,8.5,53,Pass
STU0028,Aishwarya Nair,Male,Pune,2.1,67,69,7.2,45,Pass
STU0029,Aarav Patel,Female,Pune,9.0,51,35,5.5,42,Pass
STU0030,Sravani Mishra,Female,Pune,2.1,70,46,7.8,44,Pass
STU0031,Keerthana Gupta,Female,Hyderabad,1.7,57,45,8.4,31,Fail
STU0032,Aarav Mishra,Male,Chennai,9.5,63,91,4.7,74,Pass
STU0033,Aishwarya Agarwal,Male,Mumbai,2.9,75,66,6.1,55,Pass
STU0034,Keerthana Das,Male,Vijayawada,1.1,63,64,4.5,33,Fail
STU0035,Kavya Chowdhury,Male,Kolkata,3.4,89,95,6.8,59,Pass
STU0036,Aditya Patel,Male,Bengaluru,1.6,71,55,5.0,34,Fail
STU0037,Sai Das,Female,Mumbai,7.3,59,74,8.5,54,Pass
STU0038,Rahul Chowdhury,Female,Vijayawada,7.7,66,90,4.4,62,Pass
STU0039,Aarav Mishra,Male,Chennai,3.6,64,55,5.7,43,Pass
STU0040,Kavya Agarwal,Male,Jaipur,3.6,70,39,6.8,39,Fail
STU0041,Rohan Rao,Female,Kolkata,9.4,80,68,6.9,68,Pass
STU0042,Prudhvi Kumar,Female,Kolkata,1.4,52,89,5.2,43,Pass
STU0043,Aishwarya Verma,Female,Delhi,8.9,69,50,4.7,62,Pass
STU0044,Arjun Chowdhury,Female,Kolkata,9.6,96,55,8.1,75,Pass
STU0045,Keerthana Iyer,Male,Bengaluru,6.4,50,42,4.4,49,Pass
STU0046,Diya Agarwal,Male,Chennai,6.0,93,76,6.6,73,Pass
STU0047,Kavya Gupta,Male,Delhi,7.5,98,70,6.5,71,Pass
STU0048,Nandini Mehta,Female,Chennai,4.2,91,55,7.3,52,Pass
STU0049,Prudhvi Rao,Male,Vijayawada,1.6,64,49,5.9,30,Fail
STU0050,Keerthana Patel,Female,Mumbai,4.7,100,58,5.8,51,Pass
STU0051,Keerthana Iyer,Male,Jaipur,3.1,70,59,5.8,40,Pass
STU0052,Prudhvi Das,Female,Visakhapatnam,5.4,54,76,5.5,44,Pass
STU0053,Priya Gupta,Female,Jaipur,5.7,68,73,8.2,60,Pass
STU0054,Sai Kumar,Female,Hyderabad,3.0,96,80,6.3,61,Pass
STU0055,Pooja Singh,Male,Bengaluru,8.5,64,37,4.1,42,Pass
STU0056,Karthik Mishra,Male,Mumbai,9.3,81,37,7.5,64,Pass
STU0057,Pooja Kumar,Female,Visakhapatnam,2.2,72,72,8.9,39,Fail
STU0058,Aishwarya Singh,Female,Vijayawada,7.0,70,80,5.6,64,Pass
STU0059,Karthik Nair,Male,Jaipur,7.7,67,76,4.8,57,Pass
STU0060,Sai Patel,Female,Jaipur,7.4,73,68,7.4,59,Pass
STU0061,Prudhvi Yadav,Male,Bengaluru,8.8,72,36,4.7,61,Pass
STU0062,Priya Iyer,Female,Visakhapatnam,5.6,63,76,5.1,53,Pass
STU0063,Keerthana Singh,Female,Jaipur,10.0,84,70,8.7,68,Pass
STU0064,Priya Kapoor,Female,Visakhapatnam,7.1,54,73,4.6,58,Pass
STU0065,Karthik Rana,Male,Jaipur,1.5,82,94,7.2,54,Pass
STU0066,Diya Mishra,Female,Delhi,7.0,89,70,5.5,62,Pass
STU0067,Ananya Chowdhury,Male,Jaipur,6.8,86,80,4.2,71,Pass
STU0068,Nandini Sharma,Male,Vijayawada,5.7,100,66,6.4,68,Pass
STU0069,Aditya Joshi,Female,Delhi,5.9,68,35,6.1,39,Fail
STU0070,Sravani Kumar,Female,Bengaluru,8.6,60,84,5.6,65,Pass
STU0071,Sai Sharma,Male,Jaipur,3.2,63,44,7.7,35,Fail
STU0072,Vivaan Patel,Male,Vijayawada,8.8,69,37,9.0,47,Pass
STU0073,Sneha Iyer,Male,Hyderabad,8.9,60,39,5.3,40,Pass
STU0074,Aishwarya Agarwal,Female,Vijayawada,9.1,83,51,4.5,68,Pass
STU0075,Sneha Sharma,Female,Pune,5.7,68,76,4.8,63,Pass
STU0076,Vivaan Singh,Female,Visakhapatnam,4.6,68,39,8.3,33,Fail
STU0077,Nandini Kapoor,Female,Delhi,7.9,51,50,4.1,50,Pass
STU0078,Ananya Chowdhury,Male,Visakhapatnam,2.1,83,89,6.0,48,Pass
STU0079,Vikram Nair,Female,Mumbai,8.4,64,83,7.8,68,Pass
STU0080,Diya Chowdhury,Female,Delhi,2.9,64,62,4.0,40,Pass
STU0081,Prudhvi Patel,Female,Pune,5.8,74,98,7.5,70,Pass
STU0082,Rohan Agarwal,Female,Mumbai,8.5,69,75,8.7,74,Pass
STU0083,Aishwarya Rao,Female,Mumbai,7.9,80,64,8.9,53,Pass
STU0084,Kavya Agarwal,Male,Delhi,6.7,63,61,6.2,49,Pass
STU0085,Vikram Verma,Female,Visakhapatnam,7.0,76,81,8.0,65,Pass
STU0086,Ananya Mishra,Female,Bengaluru,8.0,69,40,8.4,59,Pass
STU0087,Ananya Reddy,Female,Jaipur,8.6,63,51,4.8,63,Pass
STU0088,Aditya Kapoor,Female,Chennai,4.3,81,98,4.2,71,Pass
STU0089,Aishwarya Gupta,Male,Bengaluru,2.4,96,48,7.8,51,Pass
STU0090,Vikram Yadav,Female,Chennai,2.4,72,92,7.7,60,Pass
STU0091,Arjun Pandey,Female,Hyderabad,7.6,78,74,5.2,55,Pass
STU0092,Arjun Mehta,Male,Kolkata,1.4,94,73,4.9,48,Pass
STU0093,Kavya Verma,Female,Kolkata,3.1,59,75,7.2,41,Pass
STU0094,Nandini Mishra,Male,Mumbai,8.0,91,85,8.5,73,Pass
STU0095,Diya Kumar,Female,Jaipur,4.8,67,71,8.3,44,Pass
STU0096,Aarav Chowdhury,Female,Kolkata,8.2,92,56,6.6,53,Pass
STU0097,Sravani Rana,Male,Bengaluru,3.1,54,39,4.5,24,Fail
STU0098,Sai Mishra,Male,Mumbai,2.6,83,68,7.7,51,Pass
STU0099,Sneha Reddy,Female,Vijayawada,1.8,85,60,6.8,54,Pass
STU0100,Rohan Pandey,Male,Pune,4.3,53,88,7.5,47,Pass
STU0101,Vivaan Gupta,Male,Mumbai,9.2,88,54,5.9,53,Pass
STU0102,Diya Chowdhury,Male,Mumbai,7.7,71,35,6.6,56,Pass
STU0103,Vivaan Pandey,Female,Jaipur,3.7,69,53,6.2,55,Pass
STU0104,Aarav Rana,Male,Delhi,2.2,65,86,6.3,45,Pass
STU0105,Nandini Singh,Female,Visakhapatnam,5.8,75,77,8.2,56,Pass
STU0106,Prudhvi Rana,Male,Pune,2.4,99,40,7.1,48,Pass
STU0107,Kavya Yadav,Female,Jaipur,4.5,71,67,5.3,46,Pass
STU0108,Aishwarya Agarwal,Male,Kolkata,2.8,78,82,5.7,47,Pass
STU0109,Pooja Joshi,Female,Visakhapatnam,6.0,96,62,8.6,70,Pass
STU0110,Vivaan Gupta,Female,Delhi,7.4,83,35,4.8,53,Pass
STU0111,Aishwarya Yadav,Female,Pune,7.9,77,96,8.8,63,Pass
STU0112,Nandini Joshi,Male,Visakhapatnam,10.0,75,72,4.3,72,Pass
STU0113,Pooja Gupta,Female,Chennai,9.9,89,37,6.2,67,Pass
STU0114,Aishwarya Joshi,Male,Mumbai,1.4,60,81,5.0,56,Pass
STU0115,Sneha Kumar,Female,Hyderabad,7.1,87,85,6.3,76,Pass
STU0116,Karthik Kumar,Male,Chennai,4.6,90,43,4.3,42,Pass
STU0117,Aarav Sharma,Male,Mumbai,9.5,59,99,4.1,69,Pass
STU0118,Karthik Rana,Female,Jaipur,7.8,83,49,8.0,50,Pass
STU0119,Keerthana Iyer,Female,Bengaluru,7.0,61,75,4.7,52,Pass
STU0120,Aditya Pandey,Female,Mumbai,8.4,51,56,4.9,63,Pass
STU0121,Karthik Rana,Male,Bengaluru,4.3,62,37,4.3,30,Fail
STU0122,Ananya Agarwal,Female,Chennai,1.1,100,59,6.6,54,Pass
STU0123,Aishwarya Das,Female,Chennai,9.3,95,85,7.5,78,Pass
STU0124,Karthik Sharma,Female,Chennai,7.3,78,81,5.4,69,Pass
STU0125,Karthik Singh,Male,Visakhapatnam,7.2,54,67,4.9,53,Pass
STU0126,Ananya Rao,Female,Jaipur,4.3,69,36,4.6,43,Pass
STU0127,Karthik Pandey,Female,Vijayawada,5.6,94,37,8.3,57,Pass
STU0128,Vivaan Chowdhury,Male,Delhi,9.6,61,83,7.4,60,Pass
STU0129,Aditya Yadav,Male,Visakhapatnam,1.1,86,79,6.7,44,Pass
STU0130,Karthik Joshi,Female,Chennai,7.6,76,83,6.7,61,Pass
STU0131,Diya Joshi,Male,Delhi,9.7,98,83,5.9,86,Pass
STU0132,Diya Verma,Female,Hyderabad,6.3,83,38,4.2,45,Pass
STU0133,Keerthana Kapoor,Female,Vijayawada,6.7,53,50,8.5,48,Pass
STU0134,Priya Sharma,Female,Vijayawada,8.4,61,72,5.2,59,Pass
STU0135,Prudhvi Gupta,Male,Mumbai,9.4,99,37,6.2,71,Pass
STU0136,Ananya Mishra,Female,Pune,3.6,81,63,7.4,45,Pass
STU0137,Nandini Mishra,Female,Jaipur,2.3,84,88,6.4,51,Pass
STU0138,Karthik Singh,Male,Vijayawada,8.9,81,98,8.8,73,Pass
STU0139,Aarav Mehta,Female,Vijayawada,8.8,89,59,4.7,74,Pass
STU0140,Vivaan Das,Male,Kolkata,6.4,61,99,6.6,73,Pass
STU0141,Priya Sharma,Male,Chennai,5.8,93,42,6.8,53,Pass
STU0142,Vivaan Kumar,Female,Chennai,3.3,76,40,7.4,48,Pass
STU0143,Aditya Sharma,Female,Jaipur,9.8,95,48,5.4,65,Pass
STU0144,Nandini Patel,Male,Kolkata,7.6,75,82,4.7,75,Pass
STU0145,Aarav Rao,Male,Pune,2.5,81,84,6.3,58,Pass
STU0146,Rahul Rao,Male,Chennai,3.1,72,65,6.3,41,Pass
STU0147,Vivaan Sharma,Female,Delhi,3.1,73,90,7.7,65,Pass
STU0148,Sravani Patel,Male,Jaipur,7.3,89,59,5.5,58,Pass
STU0149,Pooja Patel,Female,Visakhapatnam,9.1,51,61,6.6,54,Pass
STU0150,Diya Iyer,Male,Hyderabad,3.8,52,43,8.3,28,Fail
STU0151,Nandini Sharma,Male,Bengaluru,9.2,75,36,5.9,57,Pass
STU0152,Diya Agarwal,Female,Bengaluru,6.8,98,78,7.0,58,Pass
STU0153,Arjun Pandey,Male,Visakhapatnam,8.1,86,79,4.7,69,Pass
STU0154,Kavya Joshi,Male,Hyderabad,3.4,83,58,7.9,50,Pass
STU0155,Sai Chowdhury,Female,Pune,1.8,76,43,4.7,34,Fail
STU0156,Vikram Singh,Male,Jaipur,3.5,74,78,4.5,57,Pass
STU0157,Aditya Nair,Female,Delhi,8.3,92,45,4.4,64,Pass
STU0158,Aishwarya Joshi,Male,Chennai,3.6,77,82,5.3,64,Pass
STU0159,Kavya Rana,Male,Hyderabad,3.1,64,91,8.0,58,Pass
STU0160,Diya Chowdhury,Female,Chennai,4.3,75,72,6.1,60,Pass
STU0161,Priya Reddy,Female,Hyderabad,6.2,54,100,8.9,60,Pass
STU0162,Diya Singh,Female,Mumbai,2.0,90,38,5.6,42,Pass
STU0163,Aarav Chowdhury,Female,Chennai,8.8,50,50,8.9,44,Pass
STU0164,Ananya Mehta,Male,Jaipur,9.7,65,39,8.2,46,Pass
STU0165,Kavya Mishra,Female,Hyderabad,1.4,99,49,8.9,35,Fail
STU0166,Keerthana Rao,Male,Jaipur,4.7,84,75,7.1,67,Pass
STU0167,Priya Agarwal,Male,Hyderabad,7.4,65,68,8.0,60,Pass
STU0168,Sai Reddy,Female,Delhi,6.4,75,96,5.6,62,Pass
STU0169,Priya Agarwal,Male,Vijayawada,2.9,89,81,5.4,63,Pass
STU0170,Kavya Verma,Female,Jaipur,4.2,61,42,5.5,50,Pass
STU0171,Aarav Yadav,Male,Visakhapatnam,1.9,65,85,8.5,50,Pass
STU0172,Aarav Yadav,Male,Hyderabad,4.2,57,92,8.9,65,Pass
STU0173,Ananya Kumar,Female,Delhi,2.4,83,43,4.4,35,Fail
STU0174,Rohan Mishra,Male,Chennai,7.2,68,53,7.9,50,Pass
STU0175,Keerthana Iyer,Male,Mumbai,6.2,82,44,7.6,48,Pass
STU0176,Aditya Gupta,Male,Visakhapatnam,4.4,87,71,5.1,50,Pass
STU0177,Prudhvi Joshi,Male,Kolkata,7.0,64,67,8.3,50,Pass
STU0178,Aishwarya Iyer,Male,Mumbai,7.0,86,64,8.4,69,Pass
STU0179,Rahul Agarwal,Male,Hyderabad,6.9,72,48,6.0,46,Pass
STU0180,Prudhvi Iyer,Female,Visakhapatnam,3.0,90,71,5.3,46,Pass
STU0181,Prudhvi Nair,Male,Pune,1.7,97,56,7.5,42,Pass
STU0182,Ananya Yadav,Female,Bengaluru,9.9,78,95,4.9,69,Pass
STU0183,Rohan Mehta,Female,Chennai,4.3,59,78,5.7,51,Pass
STU0184,Sai Pandey,Female,Chennai,3.7,95,72,8.2,52,Pass
STU0185,Priya Reddy,Female,Bengaluru,4.3,79,58,4.1,53,Pass
STU0186,Rohan Nair,Male,Pune,9.4,61,88,5.4,70,Pass
STU0187,Priya Mehta,Male,Hyderabad,4.2,88,76,7.5,64,Pass
STU0188,Sravani Mishra,Male,Pune,9.7,90,87,8.6,72,Pass
STU0189,Karthik Chowdhury,Male,Bengaluru,4.6,79,83,7.6,57,Pass
STU0190,Vikram Patel,Female,Vijayawada,9.5,66,74,4.7,67,Pass
STU0191,Aditya Mehta,Male,Vijayawada,2.5,50,73,4.5,46,Pass
STU0192,Sravani Kumar,Female,Pune,5.2,80,56,5.3,52,Pass
STU0193,Karthik Patel,Male,Visakhapatnam,2.1,72,52,4.5,39,Fail
STU0194,Keerthana Iyer,Female,Kolkata,3.2,54,46,6.0,32,Fail
STU0195,Aditya Iyer,Male,Kolkata,9.5,60,46,5.1,54,Pass
STU0196,Aditya Chowdhury,Male,Mumbai,5.5,76,42,7.5,54,Pass
STU0197,Ananya Kapoor,Male,Visakhapatnam,5.5,100,71,7.9,69,Pass
STU0198,Sneha Sharma,Female,Vijayawada,1.6,79,83,5.0,43,Pass
STU0199,Sai Reddy,Female,Hyderabad,2.9,99,77,5.9,55,Pass
STU0200,Aishwarya Nair,Male,Delhi,7.4,94,77,8.5,72,Pass
STU0201,Priya Das,Male,Hyderabad,3.5,56,67,5.9,43,Pass
STU0202,Sai Rana,Male,Kolkata,2.0,97,35,4.8,49,Pass
STU0203,Ananya Das,Male,Hyderabad,1.1,77,95,5.2,50,Pass
STU0204,Aditya Joshi,Male,Pune,6.1,75,56,7.4,49,Pass
STU0205,Rohan Kumar,Male,Chennai,8.1,81,94,5.8,81,Pass
STU0206,Vivaan Mishra,Female,Bengaluru,1.2,100,97,5.5,55,Pass
STU0207,Priya Mehta,Female,Visakhapatnam,4.3,66,50,5.6,46,Pass
STU0208,Aishwarya Das,Female,Delhi,9.3,97,62,6.7,62,Pass
STU0209,Aishwarya Mishra,Female,Bengaluru,9.9,92,76,7.0,71,Pass
STU0210,Arjun Singh,Male,Vijayawada,5.1,72,47,4.1,56,Pass
STU0211,Kavya Gupta,Male,Hyderabad,5.9,80,48,4.4,48,Pass
STU0212,Vivaan Reddy,Male,Bengaluru,4.1,63,58,6.3,42,Pass
STU0213,Sneha Singh,Male,Delhi,1.2,54,79,6.5,41,Pass
STU0214,Arjun Nair,Male,Bengaluru,1.2,58,97,5.9,42,Pass
STU0215,Karthik Kapoor,Male,Vijayawada,2.9,79,42,5.8,35,Fail
STU0216,Ananya Verma,Male,Mumbai,1.1,62,36,8.7,38,Fail
STU0217,Arjun Mehta,Female,Kolkata,8.0,70,88,8.8,61,Pass
STU0218,Keerthana Reddy,Male,Bengaluru,6.8,79,76,4.2,64,Pass
STU0219,Prudhvi Pandey,Male,Hyderabad,8.5,63,51,5.4,48,Pass
STU0220,Sravani Reddy,Male,Bengaluru,6.4,68,100,6.7,59,Pass
STU0221,Prudhvi Sharma,Female,Chennai,3.6,93,91,5.3,57,Pass
STU0222,Aarav Rao,Female,Vijayawada,1.9,83,79,5.2,56,Pass
STU0223,Aarav Pandey,Female,Visakhapatnam,8.7,85,87,8.1,79,Pass
STU0224,Keerthana Mishra,Female,Pune,1.7,53,67,5.2,43,Pass
STU0225,Rohan Singh,Male,Hyderabad,3.2,71,86,6.0,61,Pass
STU0226,Ananya Rana,Female,Chennai,3.1,96,53,8.3,46,Pass
STU0227,Aarav Joshi,Male,Visakhapatnam,8.5,70,63,8.9,59,Pass
STU0228,Rahul Iyer,Female,Vijayawada,4.8,58,62,4.6,56,Pass
STU0229,Aditya Kumar,Female,Bengaluru,1.8,53,82,8.4,53,Pass
STU0230,Karthik Rana,Male,Visakhapatnam,5.5,71,38,4.3,35,Fail
STU0231,Arjun Iyer,Male,Mumbai,6.3,100,62,4.8,71,Pass
STU0232,Rahul Kumar,Female,Delhi,5.6,77,35,8.2,37,Fail
STU0233,Sneha Nair,Female,Mumbai,6.5,97,85,7.2,78,Pass
STU0234,Karthik Verma,Female,Pune,1.8,57,59,6.4,46,Pass
STU0235,Rahul Verma,Male,Chennai,8.2,86,98,6.8,70,Pass
STU0236,Nandini Pandey,Female,Bengaluru,2.1,98,45,4.0,45,Pass
STU0237,Vivaan Verma,Female,Visakhapatnam,2.3,77,54,6.7,39,Fail
STU0238,Vivaan Iyer,Male,Chennai,5.7,98,39,5.0,49,Pass
STU0239,Arjun Das,Male,Bengaluru,9.3,65,76,7.5,66,Pass
STU0240,Sai Kumar,Female,Delhi,1.1,94,48,6.4,40,Pass
STU0241,Aishwarya Agarwal,Female,Bengaluru,2.8,82,47,8.2,52,Pass
STU0242,Arjun Verma,Female,Mumbai,8.2,75,92,8.5,65,Pass
STU0243,Kavya Rana,Male,Kolkata,3.8,79,71,6.1,51,Pass
STU0244,Vivaan Das,Male,Chennai,2.9,76,88,7.9,64,Pass
STU0245,Ananya Agarwal,Female,Vijayawada,4.0,68,68,7.0,52,Pass
STU0246,Aditya Joshi,Female,Bengaluru,6.3,50,83,4.1,49,Pass
STU0247,Rohan Pandey,Male,Pune,8.3,77,79,5.6,73,Pass
STU0248,Diya Sharma,Male,Mumbai,5.5,94,88,6.5,71,Pass
STU0249,Sravani Reddy,Female,Bengaluru,2.2,88,48,5.4,53,Pass
STU0250,Kavya Pandey,Female,Chennai,6.9,85,39,7.6,47,Pass
STU0251,Rahul Yadav,Male,Jaipur,5.1,91,97,7.0,60,Pass
STU0252,Sravani Singh,Female,Jaipur,2.4,92,66,8.0,51,Pass
STU0253,Sai Agarwal,Male,Visakhapatnam,5.2,97,90,4.3,63,Pass
STU0254,Vikram Rao,Male,Delhi,1.6,57,72,8.2,44,Pass
STU0255,Sai Yadav,Male,Kolkata,9.1,94,83,6.3,68,Pass
STU0256,Priya Yadav,Female,Pune,8.0,71,67,6.0,58,Pass
STU0257,Ananya Gupta,Male,Jaipur,8.3,61,39,5.9,47,Pass
STU0258,Pooja Kumar,Female,Kolkata,9.6,63,63,7.6,71,Pass
STU0259,Rahul Kumar,Male,Delhi,4.7,61,78,8.2,54,Pass
STU0260,Arjun Das,Male,Mumbai,3.2,98,43,8.1,37,Fail
STU0261,Nandini Singh,Male,Delhi,6.4,90,100,5.6,83,Pass
STU0262,Pooja Verma,Female,Kolkata,4.6,80,86,6.4,67,Pass
STU0263,Kavya Joshi,Male,Jaipur,5.2,57,71,8.7,61,Pass
STU0264,Pooja Singh,Male,Jaipur,1.5,81,90,5.0,64,Pass
STU0265,Kavya Chowdhury,Male,Visakhapatnam,3.9,64,57,8.3,52,Pass
STU0266,Kavya Agarwal,Female,Chennai,6.8,78,73,5.7,54,Pass
STU0267,Sai Das,Female,Jaipur,8.5,63,61,8.2,63,Pass
STU0268,Pooja Iyer,Male,Vijayawada,8.8,65,54,8.0,63,Pass
STU0269,Prudhvi Yadav,Male,Bengaluru,3.6,64,96,6.8,61,Pass
STU0270,Nandini Iyer,Female,Visakhapatnam,4.4,83,72,4.6,58,Pass
STU0271,Karthik Kumar,Male,Kolkata,9.2,70,35,7.1,58,Pass
STU0272,Vivaan Agarwal,Female,Jaipur,4.8,91,44,7.1,47,Pass
STU0273,Aditya Nair,Female,Bengaluru,9.5,95,52,4.4,74,Pass
STU0274,Priya Iyer,Male,Bengaluru,9.0,53,71,8.4,65,Pass
STU0275,Sai Yadav,Male,Pune,4.2,70,55,8.5,53,Pass
STU0276,Keerthana Rao,Female,Visakhapatnam,5.7,57,93,5.3,52,Pass
STU0277,Vivaan Singh,Male,Vijayawada,3.3,65,36,5.3,45,Pass
STU0278,Rahul Mehta,Male,Visakhapatnam,7.5,77,87,4.3,76,Pass
STU0279,Pooja Chowdhury,Female,Vijayawada,2.0,94,100,6.4,53,Pass
STU0280,Rahul Nair,Male,Chennai,5.3,92,56,8.7,57,Pass
STU0281,Rohan Agarwal,Male,Bengaluru,6.7,92,92,8.3,73,Pass
STU0282,Aarav Mishra,Female,Pune,5.7,57,56,8.1,42,Pass
STU0283,Rahul Verma,Female,Jaipur,9.0,51,54,6.5,53,Pass
STU0284,Vikram Kapoor,Male,Vijayawada,3.7,74,37,7.6,35,Fail
STU0285,Rohan Rana,Male,Jaipur,2.8,80,89,8.0,57,Pass
STU0286,Arjun Yadav,Female,Vijayawada,6.1,88,80,5.5,59,Pass
STU0287,Sai Rao,Male,Chennai,2.6,59,67,5.0,41,Pass
STU0288,Vivaan Verma,Female,Visakhapatnam,3.3,78,49,6.9,39,Fail
STU0289,Prudhvi Mishra,Female,Pune,9.0,94,95,8.7,85,Pass
STU0290,Kavya Yadav,Male,Chennai,3.2,94,59,8.4,51,Pass
STU0291,Arjun Patel,Female,Chennai,3.2,51,60,7.0,37,Fail
STU0292,Keerthana Kapoor,Female,Chennai,2.7,63,96,7.5,48,Pass
STU0293,Diya Verma,Male,Vijayawada,4.9,71,68,4.8,47,Pass
STU0294,Rohan Mehta,Female,Mumbai,3.0,81,81,8.9,61,Pass
STU0295,Aishwarya Joshi,Female,Bengaluru,5.1,63,69,8.0,51,Pass
STU0296,Pooja Chowdhury,Female,Pune,10.0,53,57,4.8,67,Pass
STU0297,Rahul Iyer,Female,Jaipur,1.1,51,62,6.2,30,Fail
STU0298,Pooja Patel,Female,Jaipur,3.3,58,88,5.0,54,Pass
STU0299,Diya Kumar,Female,Bengaluru,6.2,80,90,5.1,65,Pass
STU0300,Diya Yadav,Female,Jaipur,9.3,65,46,5.6,45,Pass
STU0301,Arjun Mehta,Male,Mumbai,1.8,54,44,8.3,28,Fail
STU0302,Rahul Singh,Male,Delhi,7.2,63,71,4.1,51,Pass
STU0303,Kavya Das,Female,Hyderabad,8.1,85,43,5.2,58,Pass
STU0304,Vikram Mishra,Female,Jaipur,1.8,54,60,7.6,33,Fail
STU0305,Aarav Gupta,Male,Chennai,3.2,93,96,6.0,73,Pass
STU0306,Sai Pandey,Male,Mumbai,7.4,58,35,5.3,48,Pass
STU0307,Aditya Yadav,Male,Kolkata,1.4,100,80,5.6,49,Pass
STU0308,Aishwarya Rao,Female,Vijayawada,2.6,93,84,7.6,54,Pass
STU0309,Aishwarya Joshi,Female,Delhi,5.2,85,37,4.2,41,Pass
STU0310,Pooja Rana,Female,Bengaluru,8.9,51,57,5.4,59,Pass
STU0311,Prudhvi Sharma,Male,Delhi,2.2,86,79,8.3,51,Pass
STU0312,Pooja Agarwal,Male,Jaipur,3.0,50,75,5.4,41,Pass
STU0313,Arjun Singh,Female,Bengaluru,6.2,84,73,5.1,62,Pass
STU0314,Vikram Patel,Male,Chennai,8.6,55,74,8.6,53,Pass
STU0315,Prudhvi Mishra,Female,Vijayawada,8.7,64,35,6.4,51,Pass
STU0316,Ananya Reddy,Female,Kolkata,8.1,99,73,5.1,61,Pass
STU0317,Sneha Reddy,Male,Jaipur,1.6,56,39,5.3,27,Fail
STU0318,Rohan Singh,Male,Bengaluru,10.0,95,83,6.6,72,Pass
STU0319,Aarav Joshi,Female,Mumbai,6.0,74,89,4.3,55,Pass
STU0320,Rahul Patel,Female,Hyderabad,4.1,80,99,8.3,64,Pass
STU0321,Aditya Kapoor,Male,Bengaluru,2.7,50,93,5.6,52,Pass
STU0322,Keerthana Kapoor,Male,Kolkata,5.4,77,40,5.5,56,Pass
STU0323,Arjun Singh,Male,Chennai,5.6,51,56,5.2,52,Pass
STU0324,Aarav Das,Female,Jaipur,9.1,66,77,8.5,75,Pass
STU0325,Rahul Singh,Female,Mumbai,7.4,74,49,4.3,62,Pass
STU0326,Prudhvi Rana,Male,Chennai,6.8,76,57,4.5,57,Pass
STU0327,Aishwarya Yadav,Female,Visakhapatnam,7.1,94,58,6.8,66,Pass
STU0328,Arjun Sharma,Female,Mumbai,7.6,87,76,8.0,63,Pass
STU0329,Priya Rana,Male,Hyderabad,1.1,77,63,6.0,38,Fail
STU0330,Sravani Gupta,Female,Mumbai,6.4,94,48,5.2,46,Pass
STU0331,Karthik Chowdhury,Female,Kolkata,1.3,65,95,5.9,58,Pass
STU0332,Sravani Pandey,Male,Vijayawada,9.7,80,54,8.3,72,Pass
STU0333,Nandini Kapoor,Male,Chennai,5.7,59,57,4.9,54,Pass
STU0334,Aditya Joshi,Male,Kolkata,1.2,85,58,5.8,35,Fail
STU0335,Keerthana Mishra,Male,Delhi,4.1,71,52,7.3,49,Pass
STU0336,Rohan Chowdhury,Female,Mumbai,4.9,83,54,4.3,47,Pass
STU0337,Sai Iyer,Male,Kolkata,6.4,88,82,8.8,65,Pass
STU0338,Rahul Verma,Female,Visakhapatnam,3.6,60,57,6.6,33,Fail
STU0339,Vikram Iyer,Female,Visakhapatnam,4.0,83,83,6.2,56,Pass
STU0340,Karthik Chowdhury,Female,Vijayawada,9.7,82,44,8.6,62,Pass
STU0341,Rohan Singh,Male,Hyderabad,6.8,54,46,4.2,45,Pass
STU0342,Sai Mishra,Female,Visakhapatnam,8.4,100,55,8.7,58,Pass
STU0343,Vikram Iyer,Male,Delhi,8.8,63,48,4.6,45,Pass
STU0344,Sneha Chowdhury,Male,Visakhapatnam,4.6,96,74,7.6,68,Pass
STU0345,Aishwarya Kapoor,Male,Hyderabad,7.3,77,91,6.9,66,Pass
STU0346,Aditya Kumar,Male,Hyderabad,6.8,89,71,4.3,70,Pass
STU0347,Nandini Nair,Female,Chennai,2.1,60,64,4.6,46,Pass
STU0348,Arjun Pandey,Male,Vijayawada,6.2,76,94,6.5,73,Pass
STU0349,Sneha Sharma,Female,Chennai,6.9,58,80,8.0,51,Pass
STU0350,Sai Kumar,Female,Delhi,3.6,57,79,8.1,60,Pass
STU0351,Aarav Chowdhury,Female,Pune,9.4,91,51,7.4,67,Pass
STU0352,Diya Agarwal,Male,Visakhapatnam,8.6,66,84,4.7,69,Pass
STU0353,Priya Patel,Male,Jaipur,5.0,73,37,8.8,39,Fail
STU0354,Keerthana Gupta,Female,Pune,4.3,74,73,4.9,55,Pass
STU0355,Aarav Nair,Female,Vijayawada,6.9,61,66,7.6,61,Pass
STU0356,Kavya Das,Male,Pune,1.4,59,83,5.1,48,Pass
STU0357,Arjun Agarwal,Male,Bengaluru,2.4,90,93,5.6,66,Pass
STU0358,Aishwarya Joshi,Male,Visakhapatnam,6.9,80,55,5.8,64,Pass
STU0359,Kavya Mehta,Male,Jaipur,8.3,60,90,4.1,61,Pass
STU0360,Sneha Das,Male,Jaipur,5.1,57,69,8.2,46,Pass
STU0361,Prudhvi Kapoor,Male,Bengaluru,1.2,87,86,6.5,46,Pass
STU0362,Vivaan Joshi,Male,Mumbai,9.7,94,64,4.7,76,Pass
STU0363,Rohan Das,Male,Pune,2.9,58,90,6.0,62,Pass
STU0364,Keerthana Yadav,Male,Hyderabad,9.5,85,47,7.7,53,Pass
STU0365,Pooja Patel,Female,Mumbai,8.0,66,42,8.1,54,Pass
STU0366,Vikram Chowdhury,Female,Vijayawada,3.6,90,46,9.0,38,Fail
STU0367,Prudhvi Reddy,Female,Bengaluru,8.2,69,77,8.6,66,Pass
STU0368,Diya Verma,Male,Pune,4.6,76,43,6.1,41,Pass
STU0369,Rahul Singh,Male,Jaipur,3.2,82,68,4.1,47,Pass
STU0370,Sravani Mehta,Male,Visakhapatnam,1.1,92,47,4.6,32,Fail
STU0371,Aditya Chowdhury,Female,Pune,8.4,51,96,6.0,74,Pass
STU0372,Diya Mehta,Male,Visakhapatnam,5.8,71,97,5.1,71,Pass
STU0373,Ananya Das,Female,Vijayawada,9.7,94,49,7.2,73,Pass
STU0374,Sneha Joshi,Male,Visakhapatnam,3.9,85,48,8.2,57,Pass
STU0375,Sravani Patel,Female,Jaipur,2.5,82,57,4.8,37,Fail
STU0376,Diya Singh,Female,Visakhapatnam,6.8,64,51,5.7,53,Pass
STU0377,Aditya Chowdhury,Male,Pune,6.8,52,37,4.9,38,Fail
STU0378,Sneha Pandey,Female,Kolkata,5.5,93,67,8.0,66,Pass
STU0379,Vikram Chowdhury,Female,Delhi,1.1,95,40,5.7,47,Pass
STU0380,Diya Chowdhury,Female,Chennai,4.5,68,53,4.5,56,Pass
STU0381,Sravani Mishra,Male,Delhi,3.0,61,64,7.5,38,Fail
STU0382,Vikram Rao,Female,Pune,1.8,71,60,8.5,34,Fail
STU0383,Sneha Joshi,Female,Chennai,4.3,93,63,8.7,53,Pass
STU0384,Karthik Singh,Female,Mumbai,7.3,50,85,6.7,56,Pass
STU0385,Pooja Gupta,Female,Kolkata,1.8,100,49,5.1,55,Pass
STU0386,Rohan Kumar,Male,Kolkata,8.5,67,73,4.1,59,Pass
STU0387,Nandini Reddy,Male,Delhi,9.7,97,68,6.8,74,Pass
STU0388,Pooja Patel,Male,Vijayawada,2.4,88,96,5.7,55,Pass
STU0389,Vikram Mishra,Male,Vijayawada,2.3,96,37,7.2,40,Pass
STU0390,Aishwarya Reddy,Female,Jaipur,6.9,81,100,8.1,66,Pass
STU0391,Aditya Sharma,Male,Kolkata,4.9,85,60,5.3,55,Pass
STU0392,Arjun Mehta,Female,Vijayawada,2.7,78,40,4.5,41,Pass
STU0393,Sravani Reddy,Female,Visakhapatnam,5.0,51,74,5.8,52,Pass
STU0394,Ananya Rana,Female,Delhi,1.1,90,85,7.7,55,Pass
STU0395,Arjun Agarwal,Female,Pune,7.4,95,93,8.5,79,Pass
STU0396,Sneha Nair,Male,Delhi,1.7,67,54,4.4,37,Fail
STU0397,Nandini Gupta,Male,Bengaluru,3.4,61,86,7.7,48,Pass
STU0398,Vikram Das,Male,Hyderabad,2.9,96,56,7.4,52,Pass
STU0399,Keerthana Kapoor,Male,Visakhapatnam,8.0,60,63,7.2,63,Pass
STU0400,Rohan Rana,Female,Jaipur,7.7,62,40,8.8,43,Pass
STU0401,Vivaan Joshi,Male,Jaipur,3.0,95,45,4.9,41,Pass
STU0402,Karthik Kapoor,Female,Visakhapatnam,5.1,68,98,8.1,54,Pass
STU0403,Aishwarya Mehta,Male,Pune,7.1,55,83,7.5,65,Pass
STU0404,Karthik Sharma,Male,Delhi,7.2,97,52,4.8,50,Pass
STU0405,Sai Sharma,Male,Jaipur,1.4,72,65,4.9,50,Pass
STU0406,Sai Yadav,Female,Kolkata,6.3,80,52,8.8,48,Pass
STU0407,Arjun Mehta,Female,Jaipur,6.5,64,55,8.1,52,Pass
STU0408,Pooja Nair,Male,Hyderabad,2.4,68,92,5.4,60,Pass
STU0409,Priya Yadav,Female,Delhi,9.8,88,83,5.4,82,Pass
STU0410,Karthik Reddy,Male,Visakhapatnam,4.4,91,66,6.8,62,Pass
STU0411,Aishwarya Rao,Female,Delhi,2.7,58,46,8.5,33,Fail
STU0412,Rohan Joshi,Female,Bengaluru,9.7,76,37,5.7,60,Pass
STU0413,Ananya Kumar,Female,Kolkata,2.2,82,41,5.8,45,Pass
STU0414,Sneha Reddy,Female,Mumbai,9.5,90,87,7.8,75,Pass
STU0415,Pooja Agarwal,Male,Jaipur,3.4,93,55,6.2,55,Pass
STU0416,Karthik Patel,Male,Mumbai,3.5,59,96,5.0,63,Pass
STU0417,Keerthana Kumar,Female,Hyderabad,2.8,92,85,7.9,56,Pass
STU0418,Aarav Patel,Female,Bengaluru,6.6,69,94,6.5,72,Pass
STU0419,Pooja Das,Female,Jaipur,7.0,66,40,6.6,54,Pass
STU0420,Vikram Rana,Female,Chennai,9.6,90,88,8.2,83,Pass
STU0421,Arjun Iyer,Female,Delhi,8.6,98,100,6.3,89,Pass
STU0422,Aditya Yadav,Male,Bengaluru,5.5,85,74,4.1,56,Pass
STU0423,Priya Rao,Male,Hyderabad,9.2,72,57,7.5,59,Pass
STU0424,Rahul Nair,Male,Jaipur,9.6,52,41,8.3,46,Pass
STU0425,Vikram Joshi,Female,Kolkata,7.2,58,66,5.3,59,Pass
STU0426,Vivaan Nair,Female,Mumbai,7.2,98,48,4.4,69,Pass
STU0427,Prudhvi Patel,Male,Vijayawada,8.2,71,52,8.2,54,Pass
STU0428,Vikram Kapoor,Male,Bengaluru,6.2,74,42,6.8,47,Pass
STU0429,Nandini Kapoor,Male,Kolkata,8.5,54,98,8.0,59,Pass
STU0430,Karthik Rao,Male,Hyderabad,4.7,94,92,4.9,59,Pass
STU0431,Aditya Chowdhury,Male,Bengaluru,7.6,81,42,4.5,54,Pass
STU0432,Pooja Rao,Male,Pune,5.5,82,42,8.4,38,Fail
STU0433,Nandini Nair,Male,Vijayawada,1.8,66,61,8.0,36,Fail
STU0434,Prudhvi Agarwal,Male,Kolkata,3.5,75,69,6.6,50,Pass
STU0435,Arjun Mishra,Male,Jaipur,2.4,54,40,7.8,33,Fail
STU0436,Diya Singh,Female,Chennai,8.7,50,59,6.0,57,Pass
STU0437,Rohan Rana,Female,Visakhapatnam,2.2,55,93,9.0,50,Pass
STU0438,Arjun Patel,Female,Hyderabad,10.0,94,64,4.8,76,Pass
STU0439,Aditya Yadav,Male,Vijayawada,9.1,90,39,4.9,64,Pass
STU0440,Aarav Gupta,Male,Chennai,4.8,90,67,8.6,55,Pass
STU0441,Rohan Chowdhury,Male,Kolkata,7.9,98,99,6.2,69,Pass
STU0442,Sneha Pandey,Male,Vijayawada,8.4,100,93,8.9,68,Pass
STU0443,Vivaan Patel,Male,Mumbai,3.0,76,45,6.4,52,Pass
STU0444,Arjun Chowdhury,Female,Kolkata,8.8,61,61,7.9,52,Pass
STU0445,Aditya Patel,Male,Vijayawada,7.3,99,47,5.9,66,Pass
STU0446,Vikram Singh,Female,Kolkata,2.9,96,82,5.5,61,Pass
STU0447,Ananya Iyer,Female,Visakhapatnam,2.5,53,89,6.5,53,Pass
STU0448,Kavya Sharma,Male,Bengaluru,2.6,81,99,8.3,60,Pass
STU0449,Aditya Nair,Female,Mumbai,7.3,65,65,8.9,54,Pass
STU0450,Keerthana Patel,Male,Kolkata,5.9,63,95,6.8,69,Pass
STU0451,Pooja Kapoor,Male,Jaipur,2.1,81,64,6.8,39,Fail
STU0452,Kavya Singh,Male,Hyderabad,7.7,52,89,8.5,61,Pass
STU0453,Aarav Gupta,Female,Jaipur,2.1,60,87,7.6,46,Pass
STU0454,Rohan Singh,Female,Visakhapatnam,1.1,61,98,5.9,57,Pass
STU0455,Vivaan Singh,Female,Delhi,9.6,78,39,5.1,54,Pass
STU0456,Rahul Rana,Female,Mumbai,6.5,91,47,5.6,53,Pass
STU0457,Vikram Reddy,Female,Mumbai,5.0,65,67,4.0,46,Pass
STU0458,Karthik Chowdhury,Female,Delhi,1.3,99,67,8.7,48,Pass
STU0459,Aishwarya Nair,Female,Kolkata,7.5,99,79,4.7,65,Pass
STU0460,Vivaan Chowdhury,Male,Visakhapatnam,7.8,59,75,8.9,61,Pass
STU0461,Nandini Kapoor,Female,Delhi,7.2,99,59,6.8,66,Pass
STU0462,Vivaan Yadav,Male,Pune,7.6,67,41,4.5,51,Pass
STU0463,Sneha Singh,Male,Vijayawada,6.2,90,35,8.6,57,Pass
STU0464,Ananya Joshi,Female,Mumbai,4.5,97,80,4.1,63,Pass
STU0465,Prudhvi Sharma,Female,Jaipur,4.4,98,45,5.9,53,Pass
STU0466,Sravani Kapoor,Male,Hyderabad,9.3,88,37,4.5,59,Pass
STU0467,Ananya Agarwal,Male,Chennai,8.8,98,67,5.4,73,Pass
STU0468,Rahul Yadav,Male,Bengaluru,7.7,67,50,6.5,54,Pass
STU0469,Ananya Kumar,Male,Mumbai,5.8,85,70,4.1,50,Pass
STU0470,Arjun Iyer,Female,Bengaluru,2.8,60,46,7.1,32,Fail
STU0471,Arjun Joshi,Male,Hyderabad,4.2,82,46,8.6,41,Pass
STU0472,Rahul Nair,Female,Kolkata,8.4,69,46,7.2,54,Pass
STU0473,Arjun Kumar,Female,Chennai,4.8,98,60,6.0,52,Pass
STU0474,Keerthana Nair,Female,Jaipur,1.5,52,78,5.2,54,Pass
STU0475,Diya Joshi,Female,Vijayawada,6.5,100,77,4.2,69,Pass
STU0476,Kavya Sharma,Female,Bengaluru,8.8,59,48,6.6,53,Pass
STU0477,Aishwarya Nair,Male,Mumbai,9.8,50,98,4.6,69,Pass
STU0478,Vikram Nair,Male,Bengaluru,8.6,56,51,4.2,51,Pass
STU0479,Kavya Pandey,Female,Bengaluru,2.6,78,55,5.5,51,Pass
STU0480,Aishwarya Mehta,Male,Mumbai,9.5,52,51,5.7,51,Pass
STU0481,Rahul Verma,Female,Kolkata,6.3,62,63,6.8,44,Pass
STU0482,Aditya Rao,Female,Hyderabad,1.7,62,50,8.5,41,Pass
STU0483,Vikram Agarwal,Female,Delhi,3.3,66,98,4.8,69,Pass
STU0484,Kavya Chowdhury,Female,Visakhapatnam,6.4,62,43,6.7,47,Pass
STU0485,Vivaan Reddy,Female,Jaipur,7.4,52,58,8.1,52,Pass
STU0486,Arjun Yadav,Female,Visakhapatnam,6.6,92,50,6.8,67,Pass
STU0487,Pooja Sharma,Male,Kolkata,6.0,50,66,8.0,44,Pass
STU0488,Vivaan Kapoor,Female,Pune,2.4,87,87,8.0,67,Pass
STU0489,Nandini Rana,Female,Vijayawada,7.2,88,75,5.3,67,Pass
STU0490,Vikram Kapoor,Female,Visakhapatnam,3.1,75,94,5.4,57,Pass
STU0491,Vivaan Nair,Female,Chennai,3.3,50,95,8.0,45,Pass
STU0492,Diya Verma,Female,Delhi,6.7,98,60,7.9,58,Pass
STU0493,Ananya Pandey,Female,Vijayawada,1.7,100,86,5.7,55,Pass
STU0494,Arjun Patel,Male,Jaipur,2.9,71,87,8.3,59,Pass
STU0495,Pooja Patel,Female,Visakhapatnam,2.5,98,67,6.2,49,Pass
STU0496,Ananya Verma,Female,Hyderabad,3.2,89,90,4.7,55,Pass
STU0497,Aishwarya Joshi,Female,Vijayawada,3.7,96,50,5.7,51,Pass
STU0498,Prudhvi Gupta,Male,Kolkata,3.4,67,35,6.4,41,Pass
STU0499,Vivaan Kumar,Female,Delhi,9.6,56,57,4.1,52,Pass
STU0500,Aarav Rana,Female,Vijayawada,6.4,87,67,7.8,64,Pass
STU0501,Rohan Singh,Male,Hyderabad,3.0,84,75,4.5,53,Pass
STU0502,Ananya Mishra,Male,Pune,1.1,64,80,6.4,36,Fail
STU0503,Ananya Singh,Male,Visakhapatnam,3.7,92,49,5.7,56,Pass
STU0504,Priya Nair,Male,Hyderabad,10.0,69,49,6.8,53,Pass
STU0505,Sravani Joshi,Female,Bengaluru,2.3,91,40,6.1,45,Pass
STU0506,Aarav Iyer,Female,Vijayawada,8.1,88,47,8.9,56,Pass
STU0507,Vikram Sharma,Male,Vijayawada,2.1,100,37,7.4,38,Fail
STU0508,Sai Sharma,Female,Delhi,7.5,73,94,5.5,63,Pass
STU0509,Sravani Joshi,Female,Vijayawada,4.5,54,42,6.2,31,Fail
STU0510,Rahul Rana,Female,Bengaluru,2.0,62,52,6.0,29,Fail
STU0511,Rohan Rana,Female,Chennai,1.0,62,57,4.1,46,Pass
STU0512,Aarav Mehta,Male,Jaipur,7.9,54,76,6.4,66,Pass
STU0513,Pooja Yadav,Female,Hyderabad,9.2,79,41,5.4,61,Pass
STU0514,Keerthana Pandey,Female,Jaipur,3.4,80,98,7.7,71,Pass
STU0515,Prudhvi Gupta,Male,Bengaluru,4.7,69,89,7.6,66,Pass
STU0516,Arjun Patel,Male,Kolkata,3.0,61,88,5.0,48,Pass
STU0517,Rahul Kumar,Male,Pune,6.8,72,58,8.2,57,Pass
STU0518,Sravani Mehta,Female,Pune,6.8,87,49,5.6,61,Pass
STU0519,Rahul Joshi,Female,Vijayawada,9.2,83,39,4.8,55,Pass
STU0520,Vikram Verma,Male,Pune,5.7,65,66,6.5,55,Pass
STU0521,Kavya Verma,Female,Jaipur,1.3,73,55,8.3,31,Fail
STU0522,Vivaan Pandey,Female,Bengaluru,5.7,96,78,5.7,70,Pass
STU0523,Sravani Das,Female,Vijayawada,7.6,90,67,7.2,64,Pass
STU0524,Kavya Iyer,Female,Delhi,6.7,90,78,6.0,73,Pass
STU0525,Prudhvi Kapoor,Male,Hyderabad,7.2,56,49,4.7,47,Pass
STU0526,Ananya Kapoor,Female,Mumbai,7.0,63,76,4.8,60,Pass
STU0527,Kavya Rana,Female,Pune,4.6,73,55,7.3,56,Pass
STU0528,Keerthana Patel,Male,Mumbai,6.2,63,41,6.2,54,Pass
STU0529,Sneha Chowdhury,Female,Jaipur,3.0,97,64,4.6,62,Pass
STU0530,Rahul Reddy,Male,Pune,9.8,87,44,5.5,58,Pass
STU0531,Prudhvi Pandey,Female,Pune,6.1,70,73,5.1,59,Pass
STU0532,Sai Sharma,Male,Delhi,5.5,60,44,4.4,46,Pass
STU0533,Sneha Kumar,Male,Hyderabad,4.2,55,39,4.9,36,Fail
STU0534,Prudhvi Iyer,Female,Pune,6.6,82,62,4.4,57,Pass
STU0535,Rahul Verma,Male,Visakhapatnam,4.9,94,78,4.8,54,Pass
STU0536,Arjun Singh,Female,Bengaluru,7.3,89,100,8.4,66,Pass
STU0537,Prudhvi Singh,Female,Delhi,7.5,87,59,7.2,60,Pass
STU0538,Arjun Verma,Male,Chennai,10.0,95,77,6.7,70,Pass
STU0539,Nandini Sharma,Female,Mumbai,7.6,63,66,5.3,63,Pass
STU0540,Sravani Rana,Female,Pune,8.1,79,64,5.2,53,Pass
STU0541,Keerthana Kumar,Female,Visakhapatnam,9.1,76,89,7.1,77,Pass
STU0542,Ananya Reddy,Male,Pune,3.6,81,72,6.9,47,Pass
STU0543,Keerthana Pandey,Male,Chennai,5.1,99,60,6.7,66,Pass
STU0544,Rohan Iyer,Female,Chennai,3.0,92,41,7.1,45,Pass
STU0545,Priya Das,Male,Vijayawada,8.7,99,94,8.0,82,Pass
STU0546,Arjun Kapoor,Male,Vijayawada,7.5,91,63,7.1,71,Pass
STU0547,Kavya Kapoor,Male,Delhi,5.0,78,99,8.9,67,Pass
STU0548,Aarav Patel,Male,Chennai,2.3,67,46,8.1,39,Fail
STU0549,Sneha Gupta,Male,Kolkata,9.4,64,57,4.8,60,Pass
STU0550,Aishwarya Reddy,Male,Visakhapatnam,1.5,80,91,7.6,47,Pass
STU0551,Sneha Rana,Female,Jaipur,2.6,75,82,4.8,56,Pass
STU0552,Diya Das,Male,Chennai,3.6,98,48,7.9,51,Pass
STU0553,Vivaan Mishra,Female,Kolkata,4.5,75,66,5.2,54,Pass
STU0554,Karthik Kapoor,Female,Mumbai,6.6,100,94,6.4,72,Pass
STU0555,Aditya Kumar,Female,Delhi,4.9,67,85,7.9,51,Pass
STU0556,Rahul Rana,Male,Jaipur,1.5,97,40,8.4,46,Pass
STU0557,Arjun Agarwal,Female,Bengaluru,6.7,53,73,8.7,56,Pass
STU0558,Rahul Mishra,Female,Jaipur,6.9,52,75,8.5,65,Pass
STU0559,Aarav Yadav,Female,Delhi,9.4,83,65,8.7,69,Pass
STU0560,Aditya Mehta,Female,Bengaluru,8.3,85,85,5.7,61,Pass
STU0561,Sai Kumar,Male,Pune,7.2,97,47,5.7,63,Pass
STU0562,Vikram Das,Female,Hyderabad,7.7,95,50,7.6,68,Pass
STU0563,Keerthana Mehta,Male,Jaipur,3.1,86,66,6.4,48,Pass
STU0564,Prudhvi Chowdhury,Male,Hyderabad,8.4,53,68,8.5,57,Pass
STU0565,Kavya Rana,Female,Jaipur,4.2,76,81,7.4,50,Pass
STU0566,Sai Kumar,Male,Delhi,6.7,56,100,6.7,61,Pass
STU0567,Kavya Rao,Male,Hyderabad,4.1,59,53,5.5,42,Pass
STU0568,Priya Iyer,Female,Chennai,9.5,70,88,7.5,76,Pass
STU0569,Sravani Verma,Female,Visakhapatnam,2.3,97,75,7.6,50,Pass
STU0570,Ananya Kapoor,Female,Bengaluru,9.1,90,81,5.7,65,Pass
STU0571,Rohan Rao,Female,Vijayawada,4.4,98,49,7.8,60,Pass
STU0572,Sai Patel,Male,Visakhapatnam,3.5,50,38,4.2,42,Pass
STU0573,Sai Rana,Female,Kolkata,2.0,89,71,4.5,49,Pass
STU0574,Aarav Iyer,Female,Chennai,4.1,85,97,4.7,71,Pass
STU0575,Priya Das,Male,Bengaluru,1.6,52,86,5.9,51,Pass
STU0576,Vikram Das,Male,Vijayawada,7.5,66,49,7.4,56,Pass
STU0577,Vivaan Iyer,Male,Jaipur,6.0,55,78,7.2,51,Pass
STU0578,Pooja Rao,Female,Chennai,5.4,75,66,7.0,48,Pass
STU0579,Aarav Rao,Female,Delhi,3.9,80,64,4.8,50,Pass
STU0580,Aishwarya Patel,Female,Jaipur,5.4,86,65,5.6,61,Pass
STU0581,Aditya Pandey,Male,Pune,1.1,75,53,4.5,42,Pass
STU0582,Nandini Mehta,Female,Mumbai,4.7,76,88,6.0,58,Pass
STU0583,Rohan Gupta,Male,Visakhapatnam,2.6,53,63,8.1,49,Pass
STU0584,Aditya Mishra,Male,Jaipur,6.8,65,45,8.8,50,Pass
STU0585,Sneha Iyer,Female,Mumbai,8.4,66,42,7.7,61,Pass
STU0586,Prudhvi Joshi,Male,Visakhapatnam,4.6,65,35,8.1,31,Fail
STU0587,Prudhvi Sharma,Female,Bengaluru,7.9,59,40,8.6,56,Pass
STU0588,Rahul Gupta,Female,Delhi,2.9,58,59,8.2,49,Pass
STU0589,Karthik Verma,Male,Bengaluru,2.1,97,53,8.1,51,Pass
STU0590,Prudhvi Pandey,Female,Hyderabad,2.4,61,57,9.0,43,Pass
STU0591,Nandini Mehta,Female,Bengaluru,6.2,83,89,8.5,71,Pass
STU0592,Nandini Yadav,Male,Jaipur,7.5,58,37,6.6,36,Fail
STU0593,Keerthana Mishra,Female,Jaipur,2.1,67,92,5.9,59,Pass
STU0594,Vikram Iyer,Male,Bengaluru,4.4,65,87,5.4,60,Pass
STU0595,Prudhvi Rao,Male,Vijayawada,4.8,89,70,5.6,63,Pass
STU0596,Kavya Iyer,Female,Mumbai,1.1,76,41,8.3,35,Fail
STU0597,Priya Yadav,Male,Visakhapatnam,7.4,57,91,7.4,68,Pass
STU0598,Vivaan Nair,Male,Kolkata,6.2,94,100,4.7,64,Pass
STU0599,Rahul Das,Male,Jaipur,2.6,59,37,7.1,39,Fail
STU0600,Diya Iyer,Female,Delhi,5.7,87,79,6.9,67,Pass
STU0601,Sravani Gupta,Female,Jaipur,5.3,61,66,8.2,47,Pass
STU0602,Vivaan Chowdhury,Female,Bengaluru,5.8,89,65,7.1,67,Pass
STU0603,Aishwarya Patel,Male,Chennai,5.0,64,77,7.3,62,Pass
STU0604,Ananya Joshi,Male,Pune,7.7,98,59,6.1,67,Pass
STU0605,Sravani Gupta,Female,Kolkata,9.6,92,60,8.6,78,Pass
STU0606,Keerthana Sharma,Male,Jaipur,3.5,91,53,4.1,53,Pass
STU0607,Nandini Verma,Female,Chennai,3.6,78,88,5.7,55,Pass
STU0608,Vivaan Rao,Female,Vijayawada,6.6,87,72,6.2,58,Pass
STU0609,Rahul Verma,Male,Vijayawada,8.7,95,61,7.3,75,Pass
STU0610,Sneha Nair,Female,Hyderabad,3.2,97,86,8.0,61,Pass
STU0611,Nandini Patel,Female,Chennai,2.0,90,79,8.0,51,Pass
STU0612,Pooja Joshi,Male,Vijayawada,3.6,56,35,7.4,38,Fail
STU0613,Aishwarya Patel,Female,Delhi,6.6,68,68,7.0,51,Pass
STU0614,Kavya Nair,Male,Pune,1.5,72,35,7.1,31,Fail
STU0615,Diya Rao,Male,Bengaluru,7.7,99,43,5.7,69,Pass
STU0616,Keerthana Rana,Male,Hyderabad,9.4,92,74,8.8,63,Pass
STU0617,Nandini Chowdhury,Male,Jaipur,1.2,80,99,6.7,57,Pass
STU0618,Aarav Yadav,Female,Jaipur,1.6,90,46,8.0,32,Fail
STU0619,Vikram Reddy,Male,Delhi,1.2,81,50,6.6,45,Pass
STU0620,Vivaan Rao,Female,Mumbai,2.0,94,100,5.7,71,Pass
STU0621,Pooja Joshi,Female,Vijayawada,5.2,80,66,6.6,46,Pass
STU0622,Sravani Chowdhury,Female,Jaipur,9.7,61,76,7.9,61,Pass
STU0623,Sneha Rao,Female,Chennai,8.1,84,42,8.6,52,Pass
STU0624,Sai Singh,Female,Vijayawada,1.1,62,99,5.2,50,Pass
STU0625,Priya Kapoor,Female,Delhi,7.8,68,44,7.2,47,Pass
STU0626,Aarav Das,Male,Vijayawada,9.2,81,57,5.6,62,Pass
STU0627,Sai Rana,Male,Vijayawada,3.5,91,53,4.5,51,Pass
STU0628,Rahul Gupta,Female,Delhi,7.5,79,35,4.5,60,Pass
STU0629,Pooja Verma,Male,Pune,2.8,57,65,4.1,37,Fail
STU0630,Keerthana Reddy,Male,Visakhapatnam,8.3,73,41,4.8,58,Pass
STU0631,Pooja Kapoor,Male,Delhi,2.4,51,66,6.5,45,Pass
STU0632,Aarav Pandey,Female,Mumbai,5.7,72,47,7.1,41,Pass
STU0633,Vivaan Agarwal,Female,Kolkata,6.4,53,61,5.0,51,Pass
STU0634,Aditya Mishra,Female,Visakhapatnam,3.1,68,97,4.9,50,Pass
STU0635,Ananya Kumar,Male,Chennai,4.7,97,51,5.3,60,Pass
STU0636,Rohan Iyer,Male,Vijayawada,3.8,74,45,5.1,48,Pass
STU0637,Nandini Agarwal,Male,Jaipur,9.6,91,67,8.8,71,Pass
STU0638,Priya Kapoor,Male,Pune,6.1,75,36,4.4,47,Pass
STU0639,Prudhvi Verma,Female,Chennai,3.5,74,42,6.7,34,Fail
STU0640,Nandini Nair,Female,Bengaluru,3.4,53,86,6.3,52,Pass
STU0641,Priya Kapoor,Female,Chennai,6.4,52,74,5.6,47,Pass
STU0642,Kavya Patel,Male,Chennai,2.1,88,91,6.0,61,Pass
STU0643,Rohan Yadav,Male,Pune,4.4,52,100,7.5,52,Pass
STU0644,Prudhvi Reddy,Female,Delhi,4.5,51,75,8.6,45,Pass
STU0645,Keerthana Gupta,Female,Jaipur,1.7,85,56,6.7,39,Fail
STU0646,Aarav Pandey,Female,Hyderabad,1.1,97,58,7.3,41,Pass
STU0647,Karthik Kumar,Male,Pune,7.5,53,86,5.9,64,Pass
STU0648,Ananya Joshi,Female,Kolkata,8.6,68,61,8.0,54,Pass
STU0649,Aditya Rana,Male,Jaipur,6.0,72,62,6.9,54,Pass
STU0650,Diya Sharma,Female,Vijayawada,3.8,70,63,4.6,39,Fail
STU0651,Kavya Singh,Male,Visakhapatnam,7.3,59,41,6.0,39,Fail
STU0652,Arjun Agarwal,Male,Vijayawada,4.1,89,95,8.2,55,Pass
STU0653,Priya Rana,Female,Chennai,5.0,64,45,6.1,49,Pass
STU0654,Aditya Yadav,Male,Bengaluru,6.1,83,93,7.2,71,Pass
STU0655,Pooja Pandey,Male,Hyderabad,6.1,87,71,5.3,55,Pass
STU0656,Diya Yadav,Female,Visakhapatnam,7.9,78,83,4.2,60,Pass
STU0657,Diya Singh,Male,Vijayawada,9.9,85,50,8.4,65,Pass
STU0658,Sravani Patel,Male,Kolkata,8.7,66,95,6.0,74,Pass
STU0659,Karthik Pandey,Female,Hyderabad,1.2,98,75,6.0,63,Pass
STU0660,Prudhvi Reddy,Male,Vijayawada,9.9,60,58,5.0,53,Pass
STU0661,Pooja Das,Male,Vijayawada,6.9,77,39,4.8,50,Pass
STU0662,Keerthana Verma,Male,Delhi,9.6,95,40,7.5,58,Pass
STU0663,Priya Verma,Male,Bengaluru,2.2,68,84,7.1,46,Pass
STU0664,Priya Das,Male,Visakhapatnam,6.9,82,59,7.3,56,Pass
STU0665,Kavya Yadav,Male,Vijayawada,4.7,72,46,8.5,54,Pass
STU0666,Sneha Agarwal,Female,Bengaluru,6.5,53,94,6.5,56,Pass
STU0667,Priya Iyer,Male,Mumbai,8.4,80,80,7.1,65,Pass
STU0668,Diya Kumar,Male,Vijayawada,8.0,55,54,5.6,62,Pass
STU0669,Sneha Kapoor,Female,Vijayawada,2.9,66,91,7.1,52,Pass
STU0670,Aarav Singh,Male,Kolkata,9.9,64,68,8.1,74,Pass
STU0671,Aditya Rana,Male,Chennai,3.4,56,89,4.8,60,Pass
STU0672,Rohan Rao,Female,Chennai,8.1,80,38,4.8,47,Pass
STU0673,Prudhvi Joshi,Male,Kolkata,1.3,99,87,7.5,64,Pass
STU0674,Rahul Sharma,Female,Hyderabad,5.7,96,40,6.0,46,Pass
STU0675,Vikram Iyer,Female,Pune,4.2,87,78,6.3,63,Pass
STU0676,Rahul Pandey,Female,Pune,7.5,58,56,4.1,54,Pass
STU0677,Pooja Pandey,Male,Kolkata,5.7,62,42,6.2,48,Pass
STU0678,Vivaan Yadav,Female,Kolkata,10.0,89,79,5.7,65,Pass
STU0679,Rohan Singh,Male,Kolkata,9.2,94,67,6.6,66,Pass
STU0680,Prudhvi Nair,Female,Pune,6.4,92,65,4.7,70,Pass
STU0681,Diya Kapoor,Female,Delhi,6.8,75,76,5.2,68,Pass
STU0682,Vikram Rao,Male,Chennai,8.3,88,99,7.1,69,Pass
STU0683,Kavya Patel,Female,Bengaluru,4.2,95,94,4.3,62,Pass
STU0684,Rohan Joshi,Female,Jaipur,2.4,98,42,6.1,46,Pass
STU0685,Arjun Pandey,Male,Jaipur,1.0,51,98,6.1,54,Pass
STU0686,Keerthana Nair,Female,Chennai,7.3,94,72,5.5,57,Pass
STU0687,Aditya Rana,Female,Hyderabad,4.5,90,60,8.2,60,Pass
STU0688,Sai Rana,Female,Pune,6.5,81,98,8.1,79,Pass
STU0689,Priya Pandey,Male,Vijayawada,4.3,62,51,4.1,39,Fail
STU0690,Diya Kapoor,Female,Vijayawada,5.2,55,45,7.3,38,Fail
STU0691,Priya Reddy,Male,Delhi,1.3,59,100,5.6,55,Pass
STU0692,Prudhvi Joshi,Female,Delhi,8.2,99,48,6.5,63,Pass
STU0693,Aditya Joshi,Female,Jaipur,3.2,76,65,8.8,57,Pass
STU0694,Diya Gupta,Male,Vijayawada,3.8,84,56,7.6,53,Pass
STU0695,Sneha Iyer,Female,Delhi,9.5,93,63,6.3,72,Pass
STU0696,Aarav Joshi,Male,Pune,8.9,82,68,8.9,59,Pass
STU0697,Aarav Chowdhury,Female,Pune,6.0,97,57,6.1,54,Pass
STU0698,Aditya Nair,Female,Vijayawada,8.8,62,79,6.7,57,Pass
STU0699,Pooja Nair,Female,Jaipur,6.5,91,87,7.1,68,Pass
STU0700,Sravani Pandey,Female,Jaipur,5.1,58,86,4.8,58,Pass
STU0701,Prudhvi Gupta,Female,Jaipur,2.0,90,75,8.8,50,Pass
STU0702,Sai Kapoor,Female,Delhi,4.8,74,52,4.1,58,Pass
STU0703,Sai Yadav,Male,Mumbai,3.9,75,46,7.7,37,Fail
STU0704,Sneha Mehta,Male,Visakhapatnam,2.2,66,51,8.6,38,Fail
STU0705,Aarav Gupta,Male,Pune,4.6,99,77,9.0,53,Pass
STU0706,Rahul Pandey,Male,Hyderabad,9.5,53,51,7.8,55,Pass
STU0707,Ananya Pandey,Male,Kolkata,2.7,50,77,8.0,50,Pass
STU0708,Aishwarya Mehta,Female,Hyderabad,3.3,60,54,4.1,39,Fail
STU0709,Keerthana Reddy,Female,Pune,5.9,99,96,6.4,64,Pass
STU0710,Vivaan Sharma,Male,Vijayawada,2.4,79,38,4.3,33,Fail
STU0711,Vivaan Verma,Female,Mumbai,4.0,51,82,7.5,58,Pass
STU0712,Priya Yadav,Male,Vijayawada,3.1,93,91,7.5,52,Pass
STU0713,Aditya Yadav,Female,Kolkata,5.5,88,82,4.2,64,Pass
STU0714,Aditya Sharma,Female,Visakhapatnam,6.5,53,81,4.8,63,Pass
STU0715,Ananya Kapoor,Male,Jaipur,2.2,75,44,4.1,32,Fail
STU0716,Sneha Rana,Female,Bengaluru,3.8,90,87,6.1,69,Pass
STU0717,Pooja Rao,Female,Delhi,1.2,98,79,8.8,45,Pass
STU0718,Sravani Gupta,Male,Mumbai,1.5,72,36,7.7,35,Fail
STU0719,Vikram Pandey,Male,Visakhapatnam,8.5,57,80,4.8,73,Pass
STU0720,Sai Chowdhury,Male,Visakhapatnam,2.1,77,43,5.6,29,Fail
STU0721,Vikram Rana,Male,Jaipur,6.1,62,47,6.2,42,Pass
STU0722,Rohan Kumar,Female,Hyderabad,2.3,97,42,4.2,40,Pass
STU0723,Sneha Mishra,Male,Chennai,2.0,71,35,5.8,29,Fail
STU0724,Prudhvi Mehta,Female,Kolkata,7.0,50,35,6.1,36,Fail
STU0725,Pooja Joshi,Male,Hyderabad,3.7,67,35,6.9,30,Fail
STU0726,Prudhvi Verma,Male,Pune,6.6,64,44,5.5,41,Pass
STU0727,Aishwarya Mishra,Female,Mumbai,9.2,62,59,6.2,62,Pass
STU0728,Aditya Verma,Female,Vijayawada,3.8,83,75,4.6,55,Pass
STU0729,Vivaan Kapoor,Male,Bengaluru,5.7,91,83,8.7,76,Pass
STU0730,Priya Chowdhury,Male,Bengaluru,8.5,61,85,6.8,64,Pass
STU0731,Prudhvi Das,Female,Visakhapatnam,9.9,92,45,4.1,57,Pass
STU0732,Ananya Joshi,Female,Kolkata,9.2,88,40,5.2,57,Pass
STU0733,Sravani Chowdhury,Male,Delhi,1.3,79,36,9.0,27,Fail
STU0734,Aishwarya Yadav,Male,Hyderabad,4.5,75,98,4.1,64,Pass
STU0735,Sai Gupta,Male,Chennai,9.7,86,97,8.0,82,Pass
STU0736,Priya Patel,Female,Visakhapatnam,2.5,63,80,5.5,44,Pass
STU0737,Ananya Singh,Female,Delhi,1.4,81,100,6.8,67,Pass
STU0738,Rohan Rana,Female,Pune,6.6,77,47,4.3,57,Pass
STU0739,Sai Nair,Male,Mumbai,5.6,56,98,4.2,56,Pass
STU0740,Priya Kumar,Female,Pune,9.0,93,84,7.2,78,Pass
STU0741,Pooja Rana,Female,Pune,6.6,51,51,7.4,42,Pass
STU0742,Sneha Kumar,Male,Kolkata,9.0,55,74,4.9,53,Pass
STU0743,Vikram Chowdhury,Male,Pune,6.5,82,85,6.3,58,Pass
STU0744,Aishwarya Nair,Male,Delhi,9.0,75,98,6.1,67,Pass
STU0745,Aditya Agarwal,Male,Chennai,4.4,94,85,5.0,59,Pass
STU0746,Priya Singh,Female,Mumbai,2.7,66,68,6.1,37,Fail
STU0747,Vivaan Mishra,Female,Pune,4.7,57,75,4.6,43,Pass
STU0748,Sneha Yadav,Male,Hyderabad,2.7,100,100,7.3,74,Pass
STU0749,Vivaan Nair,Female,Vijayawada,6.5,100,92,6.5,67,Pass
STU0750,Keerthana Rana,Male,Bengaluru,3.8,100,86,8.4,56,Pass
STU0751,Rahul Pandey,Male,Mumbai,6.3,55,63,7.3,60,Pass
STU0752,Diya Kumar,Male,Visakhapatnam,3.0,96,38,6.6,39,Fail
STU0753,Aishwarya Nair,Female,Jaipur,3.3,57,39,6.4,29,Fail
STU0754,Aditya Singh,Female,Vijayawada,4.4,80,44,8.1,55,Pass
STU0755,Aishwarya Rana,Female,Visakhapatnam,9.3,50,89,4.5,76,Pass
STU0756,Arjun Kapoor,Female,Vijayawada,7.3,91,40,6.9,60,Pass
STU0757,Vikram Sharma,Male,Chennai,3.9,57,63,5.6,56,Pass
STU0758,Arjun Rana,Female,Hyderabad,5.4,69,67,6.0,61,Pass
STU0759,Arjun Mehta,Male,Pune,6.8,50,67,5.9,57,Pass
STU0760,Sai Rana,Female,Mumbai,5.4,64,51,8.9,53,Pass
STU0761,Priya Agarwal,Female,Visakhapatnam,2.9,55,83,7.6,49,Pass
STU0762,Rahul Singh,Female,Jaipur,2.0,63,58,4.5,51,Pass
STU0763,Rahul Rana,Male,Mumbai,2.3,85,42,8.4,45,Pass
STU0764,Priya Iyer,Male,Visakhapatnam,7.2,89,94,7.6,68,Pass
STU0765,Sravani Pandey,Female,Hyderabad,2.0,62,94,6.6,52,Pass
STU0766,Aarav Rao,Male,Vijayawada,2.0,88,50,7.6,45,Pass
STU0767,Vikram Iyer,Female,Vijayawada,2.1,95,57,8.6,58,Pass
STU0768,Sravani Mishra,Female,Vijayawada,1.5,71,96,5.6,53,Pass
STU0769,Sai Gupta,Female,Visakhapatnam,9.5,51,43,4.1,55,Pass
STU0770,Sravani Iyer,Male,Kolkata,7.1,53,74,8.2,62,Pass
STU0771,Kavya Das,Female,Jaipur,4.1,91,58,6.5,48,Pass
STU0772,Keerthana Reddy,Male,Mumbai,1.7,50,53,5.2,25,Fail
STU0773,Sai Reddy,Female,Visakhapatnam,4.9,86,90,8.7,68,Pass
STU0774,Aishwarya Yadav,Female,Mumbai,5.4,73,64,4.8,60,Pass
STU0775,Keerthana Singh,Female,Pune,3.6,63,60,5.1,41,Pass
STU0776,Pooja Singh,Female,Mumbai,4.5,100,88,6.4,57,Pass
STU0777,Sravani Chowdhury,Female,Jaipur,1.6,66,61,5.1,36,Fail
STU0778,Pooja Joshi,Male,Hyderabad,1.3,84,83,7.2,52,Pass
STU0779,Vivaan Mehta,Male,Visakhapatnam,7.5,93,48,5.9,65,Pass
STU0780,Prudhvi Patel,Female,Chennai,3.4,67,91,5.5,53,Pass
STU0781,Rohan Gupta,Male,Bengaluru,1.1,98,92,8.1,69,Pass
STU0782,Aishwarya Singh,Female,Kolkata,7.5,62,44,5.3,54,Pass
STU0783,Rohan Chowdhury,Female,Hyderabad,2.9,54,84,5.0,54,Pass
STU0784,Rahul Mehta,Female,Kolkata,9.4,52,84,7.4,74,Pass
STU0785,Keerthana Pandey,Female,Bengaluru,8.6,80,65,7.1,66,Pass
STU0786,Ananya Reddy,Male,Bengaluru,3.0,99,86,4.2,70,Pass
STU0787,Pooja Chowdhury,Male,Jaipur,6.9,98,37,7.2,57,Pass
STU0788,Sravani Pandey,Female,Mumbai,3.2,90,70,8.0,46,Pass
STU0789,Aditya Rao,Male,Jaipur,8.6,76,55,8.4,49,Pass
STU0790,Ananya Chowdhury,Male,Pune,9.6,91,86,5.0,81,Pass
STU0791,Aishwarya Rao,Female,Delhi,3.8,82,66,6.2,62,Pass
STU0792,Kavya Rao,Female,Mumbai,6.3,81,56,5.5,53,Pass
STU0793,Karthik Gupta,Female,Chennai,8.5,61,48,4.2,63,Pass
STU0794,Pooja Mehta,Male,Hyderabad,3.6,80,95,6.0,67,Pass
STU0795,Nandini Pandey,Male,Mumbai,3.8,95,36,6.1,49,Pass
STU0796,Arjun Verma,Female,Kolkata,2.0,92,69,5.0,44,Pass
STU0797,Pooja Chowdhury,Female,Hyderabad,5.2,56,96,4.1,54,Pass
STU0798,Rahul Nair,Female,Mumbai,3.3,88,41,7.2,52,Pass
STU0799,Sravani Kapoor,Female,Chennai,5.4,85,57,5.4,62,Pass
STU0800,Vikram Nair,Female,Vijayawada,6.7,65,71,5.2,57,Pass
STU0801,Kavya Sharma,Male,Bengaluru,9.9,98,46,7.0,71,Pass
STU0802,Vivaan Yadav,Male,Delhi,1.6,63,62,8.4,39,Fail
STU0803,Rahul Yadav,Male,Kolkata,6.9,99,68,8.2,58,Pass
STU0804,Ananya Mishra,Female,Vijayawada,3.0,80,94,7.7,50,Pass
STU0805,Kavya Mehta,Male,Visakhapatnam,6.3,50,57,6.4,45,Pass
STU0806,Rohan Gupta,Male,Delhi,7.4,50,79,8.9,64,Pass
STU0807,Keerthana Rana,Female,Pune,10.0,80,37,7.4,62,Pass
STU0808,Rahul Kapoor,Male,Jaipur,2.4,73,56,7.0,42,Pass
STU0809,Rahul Mehta,Male,Vijayawada,1.1,75,58,7.8,42,Pass
STU0810,Diya Gupta,Male,Bengaluru,6.6,100,81,7.7,76,Pass
STU0811,Vikram Mishra,Female,Bengaluru,1.7,88,68,8.5,56,Pass
STU0812,Sneha Nair,Female,Bengaluru,3.5,81,71,8.6,62,Pass
STU0813,Sneha Mishra,Female,Mumbai,6.2,82,65,6.9,62,Pass
STU0814,Priya Agarwal,Male,Delhi,7.5,75,79,5.8,64,Pass
STU0815,Prudhvi Nair,Male,Mumbai,8.6,60,94,7.2,76,Pass
STU0816,Aishwarya Singh,Male,Visakhapatnam,9.5,86,84,8.3,84,Pass
STU0817,Aditya Patel,Male,Delhi,3.0,63,43,7.6,36,Fail
STU0818,Sai Patel,Male,Bengaluru,7.5,66,74,4.2,66,Pass
STU0819,Nandini Chowdhury,Male,Vijayawada,8.6,77,68,6.2,59,Pass
STU0820,Arjun Yadav,Male,Pune,5.5,87,47,4.2,46,Pass
STU0821,Aditya Gupta,Male,Kolkata,8.2,84,85,5.1,64,Pass
STU0822,Sneha Mishra,Female,Jaipur,2.8,69,36,5.4,34,Fail
STU0823,Rahul Reddy,Male,Chennai,1.7,93,93,8.7,61,Pass
STU0824,Vikram Reddy,Male,Delhi,9.5,51,67,4.9,56,Pass
STU0825,Rahul Pandey,Male,Chennai,7.6,84,51,8.3,49,Pass
STU0826,Diya Kapoor,Male,Bengaluru,9.0,63,78,7.9,62,Pass
STU0827,Nandini Iyer,Male,Hyderabad,3.1,60,100,5.9,53,Pass
STU0828,Aishwarya Rao,Female,Bengaluru,9.8,58,45,4.7,55,Pass
STU0829,Prudhvi Pandey,Female,Bengaluru,9.3,78,58,6.8,66,Pass
STU0830,Arjun Rana,Male,Hyderabad,7.2,52,39,8.3,35,Fail
STU0831,Arjun Verma,Female,Visakhapatnam,4.6,77,64,8.8,63,Pass
STU0832,Pooja Pandey,Male,Pune,7.6,93,47,6.7,63,Pass
STU0833,Ananya Kapoor,Female,Jaipur,4.2,88,69,6.3,53,Pass
STU0834,Sneha Pandey,Female,Bengaluru,8.7,81,89,8.0,70,Pass
STU0835,Karthik Nair,Female,Hyderabad,4.0,90,66,4.6,60,Pass
STU0836,Diya Chowdhury,Male,Delhi,7.4,70,42,5.6,50,Pass
STU0837,Karthik Das,Male,Kolkata,7.0,97,74,7.0,75,Pass
STU0838,Aarav Das,Female,Pune,3.3,71,100,6.2,64,Pass
STU0839,Nandini Rao,Female,Chennai,9.0,96,90,4.1,78,Pass
STU0840,Aarav Chowdhury,Female,Jaipur,5.7,72,100,6.4,65,Pass
STU0841,Prudhvi Kumar,Male,Chennai,1.8,52,84,5.1,56,Pass
STU0842,Aditya Sharma,Male,Visakhapatnam,1.5,95,96,8.7,66,Pass
STU0843,Rohan Verma,Male,Kolkata,6.0,88,40,4.3,48,Pass
STU0844,Sravani Reddy,Female,Pune,9.7,85,82,6.3,65,Pass
STU0845,Aarav Reddy,Male,Jaipur,5.1,73,49,5.0,50,Pass
STU0846,Kavya Kumar,Male,Delhi,3.4,53,93,5.5,61,Pass
STU0847,Rahul Rao,Female,Jaipur,3.9,98,64,5.0,65,Pass
STU0848,Diya Singh,Female,Delhi,3.3,61,81,4.2,49,Pass
STU0849,Aarav Joshi,Male,Jaipur,5.1,98,89,9.0,76,Pass
STU0850,Priya Singh,Female,Jaipur,2.7,70,39,7.1,34,Fail
STU0851,Sravani Patel,Female,Hyderabad,3.5,56,57,7.1,33,Fail
STU0852,Vivaan Iyer,Male,Chennai,5.8,78,87,6.0,74,Pass
STU0853,Nandini Verma,Male,Chennai,4.5,84,49,4.7,58,Pass
STU0854,Arjun Patel,Male,Bengaluru,6.4,76,63,8.2,60,Pass
STU0855,Vikram Das,Female,Visakhapatnam,3.8,80,78,4.2,59,Pass
STU0856,Keerthana Kapoor,Female,Kolkata,7.6,87,49,5.4,57,Pass
STU0857,Sravani Rao,Male,Hyderabad,3.4,93,46,6.3,41,Pass
STU0858,Priya Das,Male,Pune,6.4,90,70,6.2,66,Pass
STU0859,Sravani Das,Female,Hyderabad,1.5,65,63,8.8,43,Pass
STU0860,Vivaan Gupta,Male,Kolkata,5.7,58,69,4.3,45,Pass
STU0861,Aishwarya Yadav,Female,Pune,8.3,96,66,5.4,57,Pass
STU0862,Sai Rana,Male,Vijayawada,8.4,91,43,5.8,55,Pass
STU0863,Pooja Rana,Female,Vijayawada,2.1,57,51,4.6,27,Fail
STU0864,Sai Rao,Male,Mumbai,7.7,95,65,5.2,69,Pass
STU0865,Aarav Joshi,Female,Vijayawada,6.7,66,93,4.2,55,Pass
STU0866,Aarav Patel,Male,Pune,3.4,57,62,7.5,47,Pass
STU0867,Priya Yadav,Female,Pune,2.5,97,56,4.8,54,Pass
STU0868,Prudhvi Chowdhury,Female,Delhi,7.4,61,75,7.8,60,Pass
STU0869,Sai Patel,Male,Pune,7.3,92,61,8.4,64,Pass
STU0870,Rahul Pandey,Female,Mumbai,6.6,73,50,5.2,44,Pass
STU0871,Arjun Pandey,Male,Vijayawada,4.4,95,88,4.3,56,Pass
STU0872,Pooja Kapoor,Female,Jaipur,7.8,99,82,4.3,66,Pass
STU0873,Pooja Agarwal,Female,Pune,8.9,79,55,4.4,67,Pass
STU0874,Nandini Gupta,Male,Vijayawada,6.4,89,61,8.2,63,Pass
STU0875,Sravani Agarwal,Female,Delhi,9.7,53,76,6.7,70,Pass
STU0876,Ananya Nair,Female,Hyderabad,4.1,53,69,7.3,52,Pass
STU0877,Rohan Joshi,Female,Visakhapatnam,6.3,57,41,8.5,40,Pass
STU0878,Aishwarya Gupta,Female,Pune,7.5,66,79,5.1,54,Pass
STU0879,Aishwarya Rana,Male,Hyderabad,7.6,87,39,6.3,64,Pass
STU0880,Prudhvi Mishra,Female,Jaipur,2.3,92,59,4.2,43,Pass
STU0881,Sai Reddy,Female,Visakhapatnam,4.2,96,45,8.4,49,Pass
STU0882,Ananya Agarwal,Male,Bengaluru,4.3,100,90,5.9,62,Pass
STU0883,Pooja Gupta,Male,Delhi,10.0,91,65,7.5,62,Pass
STU0884,Sravani Nair,Female,Kolkata,7.1,66,45,8.2,49,Pass
STU0885,Vikram Patel,Female,Vijayawada,4.2,61,37,5.6,40,Pass
STU0886,Aditya Sharma,Male,Chennai,9.6,99,67,7.5,72,Pass
STU0887,Rahul Agarwal,Female,Mumbai,3.7,73,56,6.6,40,Pass
STU0888,Aditya Iyer,Female,Mumbai,7.4,69,35,8.8,50,Pass
STU0889,Kavya Rana,Male,Jaipur,7.7,95,57,8.7,61,Pass
STU0890,Aarav Iyer,Male,Delhi,8.8,52,72,7.5,54,Pass
STU0891,Arjun Mehta,Male,Delhi,4.4,61,54,8.7,51,Pass
STU0892,Aditya Rao,Male,Hyderabad,9.6,54,51,5.6,45,Pass
STU0893,Vikram Agarwal,Female,Vijayawada,1.8,68,39,7.2,37,Fail
STU0894,Ananya Nair,Male,Mumbai,7.8,87,59,5.0,60,Pass
STU0895,Nandini Chowdhury,Male,Delhi,1.5,91,45,8.2,45,Pass
STU0896,Sneha Singh,Female,Pune,5.0,100,67,4.3,58,Pass
STU0897,Priya Nair,Male,Mumbai,3.3,99,75,7.0,61,Pass
STU0898,Sravani Patel,Female,Mumbai,8.5,86,61,7.4,67,Pass
STU0899,Sai Rao,Male,Pune,5.6,87,65,5.1,56,Pass
STU0900,Rahul Nair,Male,Bengaluru,9.6,58,87,7.1,71,Pass
STU0901,Vikram Sharma,Male,Chennai,10.0,54,59,7.4,63,Pass
STU0902,Pooja Joshi,Male,Kolkata,4.5,63,58,5.4,42,Pass
STU0903,Vivaan Reddy,Female,Hyderabad,9.7,86,45,7.1,58,Pass
STU0904,Sravani Reddy,Female,Delhi,4.2,94,37,8.4,50,Pass
STU0905,Sravani Chowdhury,Male,Kolkata,5.4,78,43,5.7,46,Pass
STU0906,Nandini Yadav,Male,Jaipur,1.2,75,52,8.2,48,Pass
STU0907,Kavya Kumar,Female,Delhi,2.2,67,72,7.2,37,Fail
STU0908,Diya Singh,Male,Jaipur,5.0,97,48,6.1,48,Pass
STU0909,Aarav Gupta,Male,Mumbai,7.1,59,70,6.4,50,Pass
STU0910,Aishwarya Agarwal,Female,Pune,8.9,68,60,5.3,64,Pass
STU0911,Karthik Nair,Male,Hyderabad,3.0,78,97,6.5,56,Pass
STU0912,Vikram Kapoor,Female,Mumbai,7.4,73,63,8.8,58,Pass
STU0913,Rahul Sharma,Female,Kolkata,3.6,52,35,7.6,35,Fail
STU0914,Arjun Agarwal,Male,Delhi,3.4,76,63,8.4,45,Pass
STU0915,Aditya Iyer,Male,Visakhapatnam,7.4,67,92,5.6,69,Pass
STU0916,Aditya Verma,Female,Visakhapatnam,6.4,57,83,8.9,49,Pass
STU0917,Keerthana Patel,Male,Mumbai,3.0,95,35,5.0,34,Fail
STU0918,Priya Rao,Male,Kolkata,1.7,100,79,7.7,64,Pass
STU0919,Prudhvi Verma,Female,Mumbai,6.9,90,81,5.2,69,Pass
STU0920,Ananya Verma,Male,Hyderabad,2.7,95,66,5.3,47,Pass
STU0921,Nandini Iyer,Male,Mumbai,8.4,82,42,6.6,56,Pass
STU0922,Aarav Chowdhury,Female,Delhi,4.5,60,71,8.4,41,Pass
STU0923,Aishwarya Mishra,Female,Delhi,1.8,89,49,5.5,45,Pass
STU0924,Aditya Pandey,Male,Jaipur,4.9,88,98,7.6,64,Pass
STU0925,Aishwarya Reddy,Male,Delhi,9.1,80,58,7.1,70,Pass
STU0926,Karthik Mehta,Female,Pune,6.7,50,35,9.0,44,Pass
STU0927,Priya Yadav,Female,Pune,9.6,89,82,8.2,65,Pass
STU0928,Kavya Rao,Female,Hyderabad,9.0,77,54,4.9,50,Pass
STU0929,Pooja Iyer,Male,Bengaluru,2.6,69,66,6.1,55,Pass
STU0930,Aditya Agarwal,Male,Bengaluru,5.3,63,40,8.3,44,Pass
STU0931,Aarav Pandey,Male,Bengaluru,2.4,51,41,6.4,38,Fail
STU0932,Sai Rana,Female,Chennai,8.7,92,70,7.7,78,Pass
STU0933,Sneha Gupta,Male,Bengaluru,6.8,69,66,7.9,53,Pass
STU0934,Pooja Agarwal,Female,Delhi,8.3,85,85,6.8,62,Pass
STU0935,Aishwarya Reddy,Female,Visakhapatnam,1.9,54,85,9.0,38,Fail
STU0936,Aishwarya Chowdhury,Female,Visakhapatnam,9.0,100,77,6.1,66,Pass
STU0937,Rahul Agarwal,Male,Visakhapatnam,3.0,86,77,5.0,65,Pass
STU0938,Aditya Reddy,Male,Jaipur,2.7,71,44,5.8,36,Fail
STU0939,Kavya Chowdhury,Male,Mumbai,9.1,51,85,7.1,68,Pass
STU0940,Keerthana Rao,Female,Vijayawada,3.0,55,77,7.1,51,Pass
STU0941,Keerthana Rana,Female,Kolkata,1.5,57,40,4.6,31,Fail
STU0942,Aditya Kumar,Female,Chennai,3.2,80,75,6.8,53,Pass
STU0943,Diya Rana,Female,Delhi,6.9,74,94,4.3,75,Pass
STU0944,Karthik Nair,Male,Chennai,9.1,72,41,7.5,54,Pass
STU0945,Sneha Chowdhury,Female,Delhi,2.8,71,64,8.9,42,Pass
STU0946,Kavya Joshi,Female,Delhi,8.5,87,50,7.2,59,Pass
STU0947,Pooja Reddy,Male,Visakhapatnam,3.2,51,96,6.3,57,Pass
STU0948,Pooja Singh,Female,Hyderabad,5.3,86,77,7.4,53,Pass
STU0949,Keerthana Rana,Male,Vijayawada,4.5,55,57,6.7,40,Pass
STU0950,Karthik Mishra,Male,Hyderabad,5.3,66,40,6.8,49,Pass
STU0951,Vivaan Kapoor,Female,Kolkata,2.6,87,73,8.2,62,Pass
STU0952,Rohan Kapoor,Female,Mumbai,6.4,54,50,7.5,42,Pass
STU0953,Kavya Nair,Male,Mumbai,5.7,66,100,4.6,55,Pass
STU0954,Kavya Kumar,Female,Hyderabad,9.9,71,44,4.4,57,Pass
STU0955,Rohan Joshi,Female,Bengaluru,3.6,96,37,7.0,42,Pass
STU0956,Sai Agarwal,Female,Pune,2.3,74,53,5.6,36,Fail
STU0957,Rohan Singh,Male,Vijayawada,5.9,99,88,4.6,78,Pass
STU0958,Sravani Pandey,Male,Bengaluru,4.9,77,83,6.7,69,Pass
STU0959,Rohan Nair,Female,Vijayawada,5.1,68,42,7.2,45,Pass
STU0960,Kavya Joshi,Female,Vijayawada,1.1,75,58,7.1,37,Fail
STU0961,Nandini Singh,Female,Chennai,9.2,84,99,5.4,68,Pass
STU0962,Aditya Reddy,Male,Bengaluru,1.3,87,37,5.0,44,Pass
STU0963,Keerthana Singh,Female,Hyderabad,8.5,74,35,5.4,42,Pass
STU0964,Arjun Agarwal,Female,Jaipur,9.6,71,50,6.4,59,Pass
STU0965,Keerthana Kapoor,Female,Kolkata,6.2,82,69,8.7,66,Pass
STU0966,Ananya Singh,Male,Vijayawada,3.0,99,49,4.7,51,Pass
STU0967,Nandini Chowdhury,Male,Visakhapatnam,3.2,74,87,6.3,50,Pass
STU0968,Diya Nair,Male,Jaipur,8.7,72,93,6.9,81,Pass
STU0969,Pooja Mehta,Male,Visakhapatnam,7.2,94,57,7.8,55,Pass
STU0970,Aarav Rana,Male,Hyderabad,9.4,84,69,8.4,73,Pass
STU0971,Vivaan Pandey,Female,Vijayawada,4.6,57,82,8.0,47,Pass
STU0972,Vikram Pandey,Male,Vijayawada,9.8,81,91,8.4,79,Pass
STU0973,Pooja Chowdhury,Male,Visakhapatnam,2.0,73,43,8.5,32,Fail
STU0974,Vikram Joshi,Male,Mumbai,7.7,79,60,8.9,54,Pass
STU0975,Aishwarya Sharma,Male,Hyderabad,8.2,67,72,6.6,63,Pass
STU0976,Prudhvi Iyer,Female,Hyderabad,6.2,81,62,7.9,52,Pass
STU0977,Rohan Rao,Female,Pune,4.8,61,85,7.0,49,Pass
STU0978,Prudhvi Gupta,Female,Pune,3.0,95,35,7.3,51,Pass
STU0979,Sai Agarwal,Female,Hyderabad,9.7,81,76,7.7,78,Pass
STU0980,Rohan Patel,Female,Bengaluru,2.4,75,58,4.4,46,Pass
STU0981,Vivaan Rana,Female,Jaipur,5.4,52,86,8.5,66,Pass
STU0982,Aditya Nair,Male,Chennai,1.5,92,57,5.3,43,Pass
STU0983,Rahul Agarwal,Female,Bengaluru,2.6,54,40,4.7,27,Fail
STU0984,Aditya Chowdhury,Female,Bengaluru,1.4,80,96,6.7,49,Pass
STU0985,Sai Verma,Male,Kolkata,5.5,81,51,6.6,42,Pass
STU0986,Arjun Iyer,Male,Jaipur,3.3,76,89,7.3,62,Pass
STU0987,Karthik Mishra,Male,Hyderabad,1.1,55,37,4.3,21,Fail
STU0988,Nandini Yadav,Female,Delhi,9.7,66,51,8.9,67,Pass
STU0989,Sravani Agarwal,Female,Bengaluru,7.6,95,65,6.1,62,Pass
STU0990,Rohan Verma,Male,Chennai,1.2,67,44,4.9,29,Fail
STU0991,Pooja Singh,Male,Hyderabad,8.3,90,94,6.9,66,Pass
STU0992,Arjun Chowdhury,Male,Kolkata,7.6,60,71,7.3,49,Pass
STU0993,Vikram Kumar,Female,Mumbai,7.5,75,89,7.1,71,Pass
STU0994,Nandini Joshi,Male,Vijayawada,6.0,92,46,5.4,52,Pass
STU0995,Nandini Joshi,Male,Delhi,5.8,97,56,7.1,48,Pass
STU0996,Sai Verma,Male,Kolkata,4.1,59,53,7.7,34,Fail
STU0997,Pooja Rana,Female,Bengaluru,8.6,83,94,4.7,75,Pass
STU0998,Kavya Patel,Female,Hyderabad,3.6,51,60,6.1,39,Fail
STU0999,Aishwarya Mishra,Female,Bengaluru,8.9,80,44,7.7,50,Pass
STU1000,Sravani Sharma,Female,Visakhapatnam,8.8,86,99,7.5,84,Pass
